row ID,row m/z,row retention time,20180409_RLUS135312ACED0-3_seen.mzml Peak RT start,20180409_RLUS135312ACED0-3_seen.mzml Peak RT end,20180409_RLUS135312ACED0-3_seen.mzml Peak area,
1,432.2386932373047,3.738,3.71,3.803,60066.63000000037,
2,433.2414855957031,3.738,3.717,3.738,8426.8800000001,
3,433.2922058105469,3.76,3.745,3.788,6303.599999999933,
4,450.3004608154297,3.76,3.71,3.803,153643.31999999908,
5,451.3042907714844,3.76,3.724,3.803,48441.299999999705,
6,452.306396484375,3.76,3.738,3.781,8055.479999999971,
7,468.31109619140625,3.753,3.724,3.788,41597.57999999975,
