row ID,row m/z,row retention time,20180409_RLUS135314GLUD0-2_seen.mzml Peak RT start,20180409_RLUS135314GLUD0-2_seen.mzml Peak RT end,20180409_RLUS135314GLUD0-2_seen.mzml Peak area,
1,432.2372131347656,3.738,3.738,3.767,13381.590000000026,
2,432.2882080078125,3.76,3.738,3.781,31535.999999999873,
3,433.291259765625,3.76,3.745,3.781,10594.439999999931,
4,450.3002014160156,3.76,3.717,3.802,260713.2899999991,
5,451.3038024902344,3.76,3.724,3.788,80461.28999999963,
6,468.3104553222656,3.752,3.731,3.802,82774.46999999967,
7,469.3135070800781,3.76,3.745,3.774,21626.579999999867,
