row ID,row m/z,row retention time,20180409_RLUS135312ACED0-2_seen.mzml Peak RT start,20180409_RLUS135312ACED0-2_seen.mzml Peak RT end,20180409_RLUS135312ACED0-2_seen.mzml Peak area,
1,432.23895263671875,3.738,3.703,3.774,56407.140000000036,
2,432.2898864746094,3.753,3.753,3.788,14006.129999999932,
3,433.24249267578125,3.738,3.71,3.774,13258.530000000088,
4,450.3008117675781,3.753,3.731,3.796,154159.28999999978,
5,451.3046417236328,3.753,3.724,3.796,50618.30999999994,
6,452.3067932128906,3.753,3.738,3.788,8188.79999999999,
7,468.31201171875,3.753,3.731,3.781,42665.96999999997,
8,469.3133850097656,3.753,3.738,3.774,13572.600000000002,
